CaseID,Model,Requirement,Instance,Algorithm,Seed,Status,Episodes,ElapsedSeconds,FalsifyRobustness,FalsifyClassification,OfficialRobustness,OfficialClassification,InputRangePass,InputStructurePass,InputPass,InputMessage,FalsifyRunPass,OfficialReplayPass,ClassificationAgreementPass,MaximumTrajectoryError,TrajectoryEquivalencePass,OverallPass,InputTraceFile,StateTraceFile,ErrorIdentifier,ErrorMessage
sb_cc3_i1_rand,SB,CC3,1,RAND,20250742,VALIDATED,1,4.91360058333333,0.0981628608703613,SATISFIED,9.8162841796875,SATISFIED,1,1,1,all input checks passed,1,1,1,4.76837158203125e-06,0,1,results/arch2025/corrected_full188_20260902/traces/sb_cc3_i1_rand_input.csv,results/arch2025/corrected_full188_20260902/traces/sb_cc3_i1_rand_state.csv,,
sb_cc3_i1_a3c,SB,CC3,1,A3C,20250743,VALIDATED,1,1.36134320833333,0.0644884967803955,SATISFIED,6.44885063171387,SATISFIED,1,1,1,all input checks passed,1,1,1,3.814697265625e-06,0,1,results/arch2025/corrected_full188_20260902/traces/sb_cc3_i1_a3c_input.csv,results/arch2025/corrected_full188_20260902/traces/sb_cc3_i1_a3c_state.csv,,
sb_cc3_i1_acer,SB,CC3,1,ACER,20250744,VALIDATED,1,0.896495875,0.0929531669616699,SATISFIED,9.29531669616699,SATISFIED,1,1,1,all input checks passed,1,1,1,1.9073486328125e-06,0,1,results/arch2025/corrected_full188_20260902/traces/sb_cc3_i1_acer_input.csv,results/arch2025/corrected_full188_20260902/traces/sb_cc3_i1_acer_state.csv,,
sb_cc3_i1_ddqn,SB,CC3,1,DDQN,20250745,VALIDATED,1,0.852324916666667,0.0759853458404541,SATISFIED,7.59853363037109,SATISFIED,1,1,1,all input checks passed,1,1,1,1.33514404279111e-05,0,1,results/arch2025/corrected_full188_20260902/traces/sb_cc3_i1_ddqn_input.csv,results/arch2025/corrected_full188_20260902/traces/sb_cc3_i1_ddqn_state.csv,,
sb_cc5_i1_rand,SB,CC5,1,RAND,20250746,VALIDATED,1,0.900323416666667,0.0112291765213013,SATISFIED,1.12291669845581,SATISFIED,1,1,1,all input checks passed,1,1,1,2.86102294921875e-06,0,1,results/arch2025/corrected_full188_20260902/traces/sb_cc5_i1_rand_input.csv,results/arch2025/corrected_full188_20260902/traces/sb_cc5_i1_rand_state.csv,,
sb_cc5_i1_a3c,SB,CC5,1,A3C,20250747,VALIDATED,1,1.38679229166667,0.0334827375411987,SATISFIED,3.34827470779419,SATISFIED,1,1,1,all input checks passed,1,1,1,2.51084566116333e-06,0,1,results/arch2025/corrected_full188_20260902/traces/sb_cc5_i1_a3c_input.csv,results/arch2025/corrected_full188_20260902/traces/sb_cc5_i1_a3c_state.csv,,
sb_cc5_i1_acer,SB,CC5,1,ACER,20250748,VALIDATED,1,0.911072375,0.00840112686157227,SATISFIED,0.840113639831543,SATISFIED,1,1,1,all input checks passed,1,1,1,3.33786010742188e-06,0,1,results/arch2025/corrected_full188_20260902/traces/sb_cc5_i1_acer_input.csv,results/arch2025/corrected_full188_20260902/traces/sb_cc5_i1_acer_state.csv,,
sb_cc5_i1_ddqn,SB,CC5,1,DDQN,20250749,VALIDATED,1,0.880762916666667,-0.0125745105743408,VIOLATED,-1.2574520111084,VIOLATED,1,1,1,all input checks passed,1,1,1,2.86102294921875e-06,0,1,results/arch2025/corrected_full188_20260902/traces/sb_cc5_i1_ddqn_input.csv,results/arch2025/corrected_full188_20260902/traces/sb_cc5_i1_ddqn_state.csv,,
sb_s1_i1_rand,SB,S1,1,RAND,20250730,VALIDATED,1,8.14459208333333,0.301639766693115,SATISFIED,15.0819873809814,SATISFIED,1,1,1,all input checks passed,1,1,1,2.86102294921875e-06,0,1,results/arch2025/corrected_full188_20260902/traces/sb_s1_i1_rand_input.csv,results/arch2025/corrected_full188_20260902/traces/sb_s1_i1_rand_state.csv,,
sb_s1_i1_a3c,SB,S1,1,A3C,20250731,VALIDATED,1,1.44879866666667,0.267546710968018,SATISFIED,13.3773355484009,SATISFIED,1,1,1,all input checks passed,1,1,1,1.43051147460938e-06,0,1,results/arch2025/corrected_full188_20260902/traces/sb_s1_i1_a3c_input.csv,results/arch2025/corrected_full188_20260902/traces/sb_s1_i1_a3c_state.csv,,
sb_s1_i1_acer,SB,S1,1,ACER,20250732,VALIDATED,1,0.973727166666667,0.29605128288269,SATISFIED,14.8025641441345,SATISFIED,1,1,1,all input checks passed,1,1,1,4.29153442382812e-06,0,1,results/arch2025/corrected_full188_20260902/traces/sb_s1_i1_acer_input.csv,results/arch2025/corrected_full188_20260902/traces/sb_s1_i1_acer_state.csv,,
sb_s1_i1_ddqn,SB,S1,1,DDQN,20250733,VALIDATED,1,0.820723833333333,0.229074840545654,SATISFIED,11.4537410736084,SATISFIED,1,1,1,all input checks passed,1,1,1,1.19209289550781e-06,0,1,results/arch2025/corrected_full188_20260902/traces/sb_s1_i1_ddqn_input.csv,results/arch2025/corrected_full188_20260902/traces/sb_s1_i1_ddqn_state.csv,,
sb_s3_i1_rand,SB,S3,1,RAND,20250734,VALIDATED,1,0.836410583333333,0.0907759094238281,SATISFIED,4.53879547119141,SATISFIED,1,1,1,all input checks passed,1,1,1,1.52587890625e-05,0,1,results/arch2025/corrected_full188_20260902/traces/sb_s3_i1_rand_input.csv,results/arch2025/corrected_full188_20260902/traces/sb_s3_i1_rand_state.csv,,
sb_s3_i1_a3c,SB,S3,1,A3C,20250735,VALIDATED,1,1.22463775,0.0161415863037109,SATISFIED,0.807071685791016,SATISFIED,1,1,1,all input checks passed,1,1,1,7.62939453835543e-06,0,1,results/arch2025/corrected_full188_20260902/traces/sb_s3_i1_a3c_input.csv,results/arch2025/corrected_full188_20260902/traces/sb_s3_i1_a3c_state.csv,,
sb_s3_i1_acer,SB,S3,1,ACER,20250736,VALIDATED,1,0.860199791666667,0.127797317504883,SATISFIED,6.38986206054688,SATISFIED,1,1,1,all input checks passed,1,1,1,2.6702880859375e-05,0,1,results/arch2025/corrected_full188_20260902/traces/sb_s3_i1_acer_input.csv,results/arch2025/corrected_full188_20260902/traces/sb_s3_i1_acer_state.csv,,
sb_s3_i1_ddqn,SB,S3,1,DDQN,20250737,VALIDATED,1,0.809433375,0.00762405395507813,SATISFIED,0.381202697753906,SATISFIED,1,1,1,all input checks passed,1,1,1,7.62939453125e-06,0,1,results/arch2025/corrected_full188_20260902/traces/sb_s3_i1_ddqn_input.csv,results/arch2025/corrected_full188_20260902/traces/sb_s3_i1_ddqn_state.csv,,
sb_s5_i1_rand,SB,S5,1,RAND,20250738,VALIDATED,1,0.865594166666667,0.480686283111572,SATISFIED,24.0343141555786,SATISFIED,1,1,1,all input checks passed,1,1,1,9.53674318182607e-07,1,1,results/arch2025/corrected_full188_20260902/traces/sb_s5_i1_rand_input.csv,results/arch2025/corrected_full188_20260902/traces/sb_s5_i1_rand_state.csv,,
sb_s5_i1_a3c,SB,S5,1,A3C,20250739,VALIDATED,1,1.31556691666667,0.353448944091797,SATISFIED,17.6724452972412,SATISFIED,1,1,1,all input checks passed,1,1,1,1.90734863370068e-06,0,1,results/arch2025/corrected_full188_20260902/traces/sb_s5_i1_a3c_input.csv,results/arch2025/corrected_full188_20260902/traces/sb_s5_i1_a3c_state.csv,,
sb_s5_i1_acer,SB,S5,1,ACER,20250740,VALIDATED,1,0.881249666666667,0.299143800735474,SATISFIED,14.9571814537048,SATISFIED,1,1,1,all input checks passed,1,1,1,8.58306884765625e-06,0,1,results/arch2025/corrected_full188_20260902/traces/sb_s5_i1_acer_input.csv,results/arch2025/corrected_full188_20260902/traces/sb_s5_i1_acer_state.csv,,
sb_s5_i1_ddqn,SB,S5,1,DDQN,20250741,VALIDATED,1,0.841651791666667,0.267120952606201,SATISFIED,13.3560466766357,SATISFIED,1,1,1,all input checks passed,1,1,1,3.814697265625e-06,0,1,results/arch2025/corrected_full188_20260902/traces/sb_s5_i1_ddqn_input.csv,results/arch2025/corrected_full188_20260902/traces/sb_s5_i1_ddqn_state.csv,,
at_at1_i1_rand,AT,AT1,1,RAND,20250750,VALIDATED,1,8.32661770833333,0.473854286125666,SATISFIED,37.9061920521162,SATISFIED,1,1,1,all input checks passed,1,1,1,3.87680162535798,0,1,results/arch2025/corrected_full188_20260902/traces/at_at1_i1_rand_input.csv,results/arch2025/corrected_full188_20260902/traces/at_at1_i1_rand_state.csv,,
at_at1_i1_a3c,AT,AT1,1,A3C,20250751,VALIDATED,1,6.67315066666667,0.87386433387598,SATISFIED,69.9192719976067,SATISFIED,1,1,1,all input checks passed,1,1,1,3.12782351881242,0,1,results/arch2025/corrected_full188_20260902/traces/at_at1_i1_a3c_input.csv,results/arch2025/corrected_full188_20260902/traces/at_at1_i1_a3c_state.csv,,
at_at1_i1_acer,AT,AT1,1,ACER,20250752,VALIDATED,1,6.48890066666667,0.600576552894092,SATISFIED,48.0577272443765,SATISFIED,1,1,1,all input checks passed,1,1,1,3.71372236118634,0,1,results/arch2025/corrected_full188_20260902/traces/at_at1_i1_acer_input.csv,results/arch2025/corrected_full188_20260902/traces/at_at1_i1_acer_state.csv,,
at_at1_i1_ddqn,AT,AT1,1,DDQN,20250753,VALIDATED,1,6.366020375,0.493865213952492,SATISFIED,39.511424932925,SATISFIED,1,1,1,all input checks passed,1,1,1,1.01528324261335,0,1,results/arch2025/corrected_full188_20260902/traces/at_at1_i1_ddqn_input.csv,results/arch2025/corrected_full188_20260902/traces/at_at1_i1_ddqn_state.csv,,
at_at1_i2_rand,AT,AT1,2,RAND,20250754,VALIDATED,1,6.22645154166667,0.565126091858122,SATISFIED,45.2204402366558,SATISFIED,1,1,1,all input checks passed,1,1,1,20.7904954365767,0,1,results/arch2025/corrected_full188_20260902/traces/at_at1_i2_rand_input.csv,results/arch2025/corrected_full188_20260902/traces/at_at1_i2_rand_state.csv,,
at_at1_i2_a3c,AT,AT1,2,A3C,20250755,VALIDATED,1,6.573833375,0.345621540656425,SATISFIED,27.644234036644,SATISFIED,1,1,1,all input checks passed,1,1,1,13.7434934982934,0,1,results/arch2025/corrected_full188_20260902/traces/at_at1_i2_a3c_input.csv,results/arch2025/corrected_full188_20260902/traces/at_at1_i2_a3c_state.csv,,
at_at1_i2_acer,AT,AT1,2,ACER,20250756,VALIDATED,1,6.323077625,0.517473333261637,SATISFIED,41.4035138518787,SATISFIED,1,1,1,all input checks passed,1,1,1,23.5319630884878,0,1,results/arch2025/corrected_full188_20260902/traces/at_at1_i2_acer_input.csv,results/arch2025/corrected_full188_20260902/traces/at_at1_i2_acer_state.csv,,
at_at1_i2_ddqn,AT,AT1,2,DDQN,20250757,VALIDATED,1,6.248867,0.304061874884556,SATISFIED,24.3251591950487,SATISFIED,1,1,1,all input checks passed,1,1,1,6.66912606871938,0,1,results/arch2025/corrected_full188_20260902/traces/at_at1_i2_ddqn_input.csv,results/arch2025/corrected_full188_20260902/traces/at_at1_i2_ddqn_state.csv,,
at_at2_i1_rand,AT,AT2,1,RAND,20250758,VALIDATED,1,6.340042875,-0.00296196110371202,VIOLATED,-6.98053456705566,VIOLATED,1,1,1,all input checks passed,1,1,1,1.09878581491967,0,1,results/arch2025/corrected_full188_20260902/traces/at_at2_i1_rand_input.csv,results/arch2025/corrected_full188_20260902/traces/at_at2_i1_rand_state.csv,,
at_at2_i1_a3c,AT,AT2,1,A3C,20250759,VALIDATED,1,6.66949533333333,0.796777503941514,SATISFIED,1993.05960217894,SATISFIED,1,1,1,all input checks passed,1,1,1,1.11584232515452,0,1,results/arch2025/corrected_full188_20260902/traces/at_at2_i1_a3c_input.csv,results/arch2025/corrected_full188_20260902/traces/at_at2_i1_a3c_state.csv,,
at_at2_i1_acer,AT,AT2,1,ACER,20250760,VALIDATED,1,6.34261,0.937857634891924,SATISFIED,2345.08243091889,SATISFIED,1,1,1,all input checks passed,1,1,1,1.41046272585118,0,1,results/arch2025/corrected_full188_20260902/traces/at_at2_i1_acer_input.csv,results/arch2025/corrected_full188_20260902/traces/at_at2_i1_acer_state.csv,,
at_at2_i1_ddqn,AT,AT2,1,DDQN,20250761,VALIDATED,1,6.305483875,0.424331592999199,SATISFIED,1060.72551241804,SATISFIED,1,1,1,all input checks passed,1,1,1,6.2596422949365,0,1,results/arch2025/corrected_full188_20260902/traces/at_at2_i1_ddqn_input.csv,results/arch2025/corrected_full188_20260902/traces/at_at2_i1_ddqn_state.csv,,
at_at2_i2_rand,AT,AT2,2,RAND,20250762,VALIDATED,1,6.242068125,0.0519674946483021,SATISFIED,129.918736620755,SATISFIED,1,1,1,all input checks passed,1,1,1,20.3080196311776,0,1,results/arch2025/corrected_full188_20260902/traces/at_at2_i2_rand_input.csv,results/arch2025/corrected_full188_20260902/traces/at_at2_i2_rand_state.csv,,
at_at2_i2_a3c,AT,AT2,2,A3C,20250763,VALIDATED,1,6.50019433333333,0.805394062974471,SATISFIED,2013.33345893522,SATISFIED,1,1,1,all input checks passed,1,1,1,7.43576788551786,0,1,results/arch2025/corrected_full188_20260902/traces/at_at2_i2_a3c_input.csv,results/arch2025/corrected_full188_20260902/traces/at_at2_i2_a3c_state.csv,,
at_at2_i2_acer,AT,AT2,2,ACER,20250764,VALIDATED,1,6.24162229166667,1.035810365321,SATISFIED,2590.54514289669,SATISFIED,1,1,1,all input checks passed,1,1,1,14.3127979859933,0,1,results/arch2025/corrected_full188_20260902/traces/at_at2_i2_acer_input.csv,results/arch2025/corrected_full188_20260902/traces/at_at2_i2_acer_state.csv,,
at_at2_i2_ddqn,AT,AT2,2,DDQN,20250765,VALIDATED,1,6.22740758333333,0.664064732756836,SATISFIED,1662.68391345031,SATISFIED,1,1,1,all input checks passed,1,1,1,17.2212251055266,0,1,results/arch2025/corrected_full188_20260902/traces/at_at2_i2_ddqn_input.csv,results/arch2025/corrected_full188_20260902/traces/at_at2_i2_ddqn_state.csv,,
at_at51_i1_rand,AT,AT51,1,RAND,20250766,VALIDATED,1,7.16719929166667,0.0666666666666667,SATISFIED,0.1,SATISFIED,1,1,1,all input checks passed,1,1,1,1.34927204770065,0,1,results/arch2025/corrected_full188_20260902/traces/at_at51_i1_rand_input.csv,results/arch2025/corrected_full188_20260902/traces/at_at51_i1_rand_state.csv,,
at_at51_i1_a3c,AT,AT51,1,A3C,20250767,VALIDATED,1,7.05368558333333,0.0666666666666667,SATISFIED,0.1,SATISFIED,1,1,1,all input checks passed,1,1,1,0.80168618913649,0,1,results/arch2025/corrected_full188_20260902/traces/at_at51_i1_a3c_input.csv,results/arch2025/corrected_full188_20260902/traces/at_at51_i1_a3c_state.csv,,
at_at51_i1_acer,AT,AT51,1,ACER,20250768,VALIDATED,1,6.60157029166667,0.0666666666666667,SATISFIED,0.1,SATISFIED,1,1,1,all input checks passed,1,1,1,4.66338253242861,0,1,results/arch2025/corrected_full188_20260902/traces/at_at51_i1_acer_input.csv,results/arch2025/corrected_full188_20260902/traces/at_at51_i1_acer_state.csv,,
at_at51_i1_ddqn,AT,AT51,1,DDQN,20250769,VALIDATED,1,6.56492275,0.0666666666666667,SATISFIED,0.1,SATISFIED,1,1,1,all input checks passed,1,1,1,0.713468865104915,0,1,results/arch2025/corrected_full188_20260902/traces/at_at51_i1_ddqn_input.csv,results/arch2025/corrected_full188_20260902/traces/at_at51_i1_ddqn_state.csv,,
at_at51_i2_rand,AT,AT51,2,RAND,20250770,VALIDATED,1,6.39808658333333,-0.0666666666666667,VIOLATED,-0.1,VIOLATED,1,1,1,all input checks passed,1,1,1,19.5883617651702,0,1,results/arch2025/corrected_full188_20260902/traces/at_at51_i2_rand_input.csv,results/arch2025/corrected_full188_20260902/traces/at_at51_i2_rand_state.csv,,
at_at51_i2_a3c,AT,AT51,2,A3C,20250771,VALIDATED,1,6.88199725,0.0666666666666667,SATISFIED,0.1,SATISFIED,1,1,1,all input checks passed,1,1,1,22.4922981428681,0,1,results/arch2025/corrected_full188_20260902/traces/at_at51_i2_a3c_input.csv,results/arch2025/corrected_full188_20260902/traces/at_at51_i2_a3c_state.csv,,
at_at51_i2_acer,AT,AT51,2,ACER,20250772,VALIDATED,1,6.49319333333333,0.0666666666666667,SATISFIED,0.1,SATISFIED,1,1,1,all input checks passed,1,1,1,19.1163956960572,0,1,results/arch2025/corrected_full188_20260902/traces/at_at51_i2_acer_input.csv,results/arch2025/corrected_full188_20260902/traces/at_at51_i2_acer_state.csv,,
at_at51_i2_ddqn,AT,AT51,2,DDQN,20250773,VALIDATED,1,6.45180458333333,0.0666666666666667,SATISFIED,0.1,SATISFIED,1,1,1,all input checks passed,1,1,1,11.2577682651672,0,1,results/arch2025/corrected_full188_20260902/traces/at_at51_i2_ddqn_input.csv,results/arch2025/corrected_full188_20260902/traces/at_at51_i2_ddqn_state.csv,,
at_at52_i1_rand,AT,AT52,1,RAND,20250774,VALIDATED,1,6.60081533333333,0.0666666666666667,SATISFIED,0.1,SATISFIED,1,1,1,all input checks passed,1,1,1,3.41918739369135,0,1,results/arch2025/corrected_full188_20260902/traces/at_at52_i1_rand_input.csv,results/arch2025/corrected_full188_20260902/traces/at_at52_i1_rand_state.csv,,
at_at52_i1_a3c,AT,AT52,1,A3C,20250775,VALIDATED,1,7.05051425,0.0666666666666667,SATISFIED,0.1,SATISFIED,1,1,1,all input checks passed,1,1,1,2.23428164007169,0,1,results/arch2025/corrected_full188_20260902/traces/at_at52_i1_a3c_input.csv,results/arch2025/corrected_full188_20260902/traces/at_at52_i1_a3c_state.csv,,
at_at52_i1_acer,AT,AT52,1,ACER,20250776,VALIDATED,1,6.95674666666667,0.0666666666666667,SATISFIED,0.1,SATISFIED,1,1,1,all input checks passed,1,1,1,2.26512101427147,0,1,results/arch2025/corrected_full188_20260902/traces/at_at52_i1_acer_input.csv,results/arch2025/corrected_full188_20260902/traces/at_at52_i1_acer_state.csv,,
at_at52_i1_ddqn,AT,AT52,1,DDQN,20250777,VALIDATED,1,6.75112433333333,0.0666666666666667,SATISFIED,0.1,SATISFIED,1,1,1,all input checks passed,1,1,1,1.10600776964247,0,1,results/arch2025/corrected_full188_20260902/traces/at_at52_i1_ddqn_input.csv,results/arch2025/corrected_full188_20260902/traces/at_at52_i1_ddqn_state.csv,,
at_at52_i2_rand,AT,AT52,2,RAND,20250778,VALIDATED,1,6.71751033333333,-0.0666666666666667,VIOLATED,-0.1,VIOLATED,1,1,1,all input checks passed,1,1,1,22.530476626358,0,1,results/arch2025/corrected_full188_20260902/traces/at_at52_i2_rand_input.csv,results/arch2025/corrected_full188_20260902/traces/at_at52_i2_rand_state.csv,,
at_at52_i2_a3c,AT,AT52,2,A3C,20250779,VALIDATED,1,7.11647129166667,0.0666666666666667,SATISFIED,0.1,SATISFIED,1,1,1,all input checks passed,1,1,1,15.3544337218341,0,1,results/arch2025/corrected_full188_20260902/traces/at_at52_i2_a3c_input.csv,results/arch2025/corrected_full188_20260902/traces/at_at52_i2_a3c_state.csv,,
at_at52_i2_acer,AT,AT52,2,ACER,20250780,VALIDATED,1,6.80183495833333,0.0666666666666667,SATISFIED,0.1,SATISFIED,1,1,1,all input checks passed,1,1,1,13.8685535627259,0,1,results/arch2025/corrected_full188_20260902/traces/at_at52_i2_acer_input.csv,results/arch2025/corrected_full188_20260902/traces/at_at52_i2_acer_state.csv,,
at_at52_i2_ddqn,AT,AT52,2,DDQN,20250781,VALIDATED,1,6.961614125,0.0666666666666667,SATISFIED,0.1,SATISFIED,1,1,1,all input checks passed,1,1,1,2.49350432726396,0,1,results/arch2025/corrected_full188_20260902/traces/at_at52_i2_ddqn_input.csv,results/arch2025/corrected_full188_20260902/traces/at_at52_i2_ddqn_state.csv,,
at_at53_i1_rand,AT,AT53,1,RAND,20250782,VALIDATED,1,6.94194175,-0.0666666666666667,VIOLATED,-0.1,VIOLATED,1,1,1,all input checks passed,1,1,1,1.4148441621951,0,1,results/arch2025/corrected_full188_20260902/traces/at_at53_i1_rand_input.csv,results/arch2025/corrected_full188_20260902/traces/at_at53_i1_rand_state.csv,,
at_at53_i1_a3c,AT,AT53,1,A3C,20250783,VALIDATED,1,7.84606975,-0.0666666666666667,VIOLATED,-0.1,VIOLATED,1,1,1,all input checks passed,1,1,1,599.577115876071,0,1,results/arch2025/corrected_full188_20260902/traces/at_at53_i1_a3c_input.csv,results/arch2025/corrected_full188_20260902/traces/at_at53_i1_a3c_state.csv,,
at_at53_i1_acer,AT,AT53,1,ACER,20250784,VALIDATED,1,6.53568566666667,-0.0666666666666667,VIOLATED,-0.1,VIOLATED,1,1,1,all input checks passed,1,1,1,2.43729895469596,0,1,results/arch2025/corrected_full188_20260902/traces/at_at53_i1_acer_input.csv,results/arch2025/corrected_full188_20260902/traces/at_at53_i1_acer_state.csv,,
at_at53_i1_ddqn,AT,AT53,1,DDQN,20250785,VALIDATED,1,6.558798125,0.0666666666666667,SATISFIED,0.1,SATISFIED,1,1,1,all input checks passed,1,1,1,0.655885043946455,0,1,results/arch2025/corrected_full188_20260902/traces/at_at53_i1_ddqn_input.csv,results/arch2025/corrected_full188_20260902/traces/at_at53_i1_ddqn_state.csv,,
at_at53_i2_rand,AT,AT53,2,RAND,20250786,VALIDATED,1,6.47653616666667,-0.0666666666666667,VIOLATED,-0.1,VIOLATED,1,1,1,all input checks passed,1,1,1,19.9380695569043,0,1,results/arch2025/corrected_full188_20260902/traces/at_at53_i2_rand_input.csv,results/arch2025/corrected_full188_20260902/traces/at_at53_i2_rand_state.csv,,
at_at53_i2_a3c,AT,AT53,2,A3C,20250787,VALIDATED,1,6.79737820833333,0.0666666666666667,SATISFIED,0.1,SATISFIED,1,1,1,all input checks passed,1,1,1,20.3991852990675,0,1,results/arch2025/corrected_full188_20260902/traces/at_at53_i2_a3c_input.csv,results/arch2025/corrected_full188_20260902/traces/at_at53_i2_a3c_state.csv,,
at_at53_i2_acer,AT,AT53,2,ACER,20250788,VALIDATED,1,6.49326483333333,0.0666666666666667,SATISFIED,0.1,SATISFIED,1,1,1,all input checks passed,1,1,1,20.612283288071,0,1,results/arch2025/corrected_full188_20260902/traces/at_at53_i2_acer_input.csv,results/arch2025/corrected_full188_20260902/traces/at_at53_i2_acer_state.csv,,
at_at53_i2_ddqn,AT,AT53,2,DDQN,20250789,VALIDATED,1,6.48732045833333,0.0666666666666667,SATISFIED,0.1,SATISFIED,1,1,1,all input checks passed,1,1,1,13.6125498453978,0,1,results/arch2025/corrected_full188_20260902/traces/at_at53_i2_ddqn_input.csv,results/arch2025/corrected_full188_20260902/traces/at_at53_i2_ddqn_state.csv,,
at_at54_i1_rand,AT,AT54,1,RAND,20250790,VALIDATED,1,6.616143,0.0666666666666664,SATISFIED,0.0999999999999996,SATISFIED,1,1,1,all input checks passed,1,1,1,0.870897090296694,0,1,results/arch2025/corrected_full188_20260902/traces/at_at54_i1_rand_input.csv,results/arch2025/corrected_full188_20260902/traces/at_at54_i1_rand_state.csv,,
at_at54_i1_a3c,AT,AT54,1,A3C,20250791,VALIDATED,1,6.92889583333333,0.0666666666666664,SATISFIED,0.0999999999999996,SATISFIED,1,1,1,all input checks passed,1,1,1,7.31352351703936,0,1,results/arch2025/corrected_full188_20260902/traces/at_at54_i1_a3c_input.csv,results/arch2025/corrected_full188_20260902/traces/at_at54_i1_a3c_state.csv,,
at_at54_i1_acer,AT,AT54,1,ACER,20250792,VALIDATED,1,6.61861958333333,0.0666666666666664,SATISFIED,0.0999999999999996,SATISFIED,1,1,1,all input checks passed,1,1,1,0.499234935286495,0,1,results/arch2025/corrected_full188_20260902/traces/at_at54_i1_acer_input.csv,results/arch2025/corrected_full188_20260902/traces/at_at54_i1_acer_state.csv,,
at_at54_i1_ddqn,AT,AT54,1,DDQN,20250793,VALIDATED,1,6.52769208333333,0.0666666666666664,SATISFIED,0.0999999999999996,SATISFIED,1,1,1,all input checks passed,1,1,1,6.23281887163751,0,1,results/arch2025/corrected_full188_20260902/traces/at_at54_i1_ddqn_input.csv,results/arch2025/corrected_full188_20260902/traces/at_at54_i1_ddqn_state.csv,,
at_at54_i2_rand,AT,AT54,2,RAND,20250794,VALIDATED,1,7.06333254166667,0.0666666666666664,SATISFIED,0.0999999999999996,SATISFIED,1,1,1,all input checks passed,1,1,1,16.4734017556457,0,1,results/arch2025/corrected_full188_20260902/traces/at_at54_i2_rand_input.csv,results/arch2025/corrected_full188_20260902/traces/at_at54_i2_rand_state.csv,,
at_at54_i2_a3c,AT,AT54,2,A3C,20250795,VALIDATED,1,7.51431033333333,0.0666666666666664,SATISFIED,0.0999999999999996,SATISFIED,1,1,1,all input checks passed,1,1,1,21.7177255095348,0,1,results/arch2025/corrected_full188_20260902/traces/at_at54_i2_a3c_input.csv,results/arch2025/corrected_full188_20260902/traces/at_at54_i2_a3c_state.csv,,
at_at54_i2_acer,AT,AT54,2,ACER,20250796,VALIDATED,1,7.08991704166667,0.0666666666666664,SATISFIED,0.0999999999999996,SATISFIED,1,1,1,all input checks passed,1,1,1,9.99579803636107,0,1,results/arch2025/corrected_full188_20260902/traces/at_at54_i2_acer_input.csv,results/arch2025/corrected_full188_20260902/traces/at_at54_i2_acer_state.csv,,
at_at54_i2_ddqn,AT,AT54,2,DDQN,20250797,VALIDATED,1,7.22304333333333,0.0666666666666664,SATISFIED,0.0999999999999996,SATISFIED,1,1,1,all input checks passed,1,1,1,9.77203252099889,0,1,results/arch2025/corrected_full188_20260902/traces/at_at54_i2_ddqn_input.csv,results/arch2025/corrected_full188_20260902/traces/at_at54_i2_ddqn_state.csv,,
at_at6a_i1_rand,AT,AT6a,1,RAND,20250798,VALIDATED,1,7.44486816666667,0.275048101274968,SATISFIED,547.961638494217,SATISFIED,1,1,1,all input checks passed,1,1,1,1.83007201884811,0,1,results/arch2025/corrected_full188_20260902/traces/at_at6a_i1_rand_input.csv,results/arch2025/corrected_full188_20260902/traces/at_at6a_i1_rand_state.csv,,
at_at6a_i1_a3c,AT,AT6a,1,A3C,20250799,VALIDATED,1,7.96754133333333,0.259011873217143,SATISFIED,647.529683042857,SATISFIED,1,1,1,all input checks passed,1,1,1,6.8060275728019,0,1,results/arch2025/corrected_full188_20260902/traces/at_at6a_i1_a3c_input.csv,results/arch2025/corrected_full188_20260902/traces/at_at6a_i1_a3c_state.csv,,
at_at6a_i1_acer,AT,AT6a,1,ACER,20250800,VALIDATED,1,7.59284745833333,0.701743431933121,SATISFIED,1752.83572176777,SATISFIED,1,1,1,all input checks passed,1,1,1,4.87582849698549,0,1,results/arch2025/corrected_full188_20260902/traces/at_at6a_i1_acer_input.csv,results/arch2025/corrected_full188_20260902/traces/at_at6a_i1_acer_state.csv,,
at_at6a_i1_ddqn,AT,AT6a,1,DDQN,20250801,VALIDATED,1,7.565501125,0.518762070537441,SATISFIED,1296.89029824896,SATISFIED,1,1,1,all input checks passed,1,1,1,0.729823428320287,0,1,results/arch2025/corrected_full188_20260902/traces/at_at6a_i1_ddqn_input.csv,results/arch2025/corrected_full188_20260902/traces/at_at6a_i1_ddqn_state.csv,,
at_at6a_i2_rand,AT,AT6a,2,RAND,20250802,VALIDATED,1,7.3944675,0.522779346853688,SATISFIED,1305.79786771098,SATISFIED,1,1,1,all input checks passed,1,1,1,14.1449668686259,0,1,results/arch2025/corrected_full188_20260902/traces/at_at6a_i2_rand_input.csv,results/arch2025/corrected_full188_20260902/traces/at_at6a_i2_rand_state.csv,,
at_at6a_i2_a3c,AT,AT6a,2,A3C,20250803,VALIDATED,1,7.75497608333333,0.0815427164098901,SATISFIED,203.856791024725,SATISFIED,1,1,1,all input checks passed,1,1,1,15.5210924287353,0,1,results/arch2025/corrected_full188_20260902/traces/at_at6a_i2_a3c_input.csv,results/arch2025/corrected_full188_20260902/traces/at_at6a_i2_a3c_state.csv,,
at_at6a_i2_acer,AT,AT6a,2,ACER,20250804,VALIDATED,1,7.337036875,0.681772925973052,SATISFIED,1704.48817380053,SATISFIED,1,1,1,all input checks passed,1,1,1,16.5822353963017,0,1,results/arch2025/corrected_full188_20260902/traces/at_at6a_i2_acer_input.csv,results/arch2025/corrected_full188_20260902/traces/at_at6a_i2_acer_state.csv,,
at_at6a_i2_ddqn,AT,AT6a,2,DDQN,20250805,VALIDATED,1,7.3607155,0.533439098010649,SATISFIED,1333.63541455238,SATISFIED,1,1,1,all input checks passed,1,1,1,9.56640887951608,0,1,results/arch2025/corrected_full188_20260902/traces/at_at6a_i2_ddqn_input.csv,results/arch2025/corrected_full188_20260902/traces/at_at6a_i2_ddqn_state.csv,,
at_at6abc_i1_rand,AT,AT6abc,1,RAND,20250822,VALIDATED,1,8.12396895833333,0.65148939613638,SATISFIED,1627.63913563053,SATISFIED,1,1,1,all input checks passed,1,1,1,5.67581122221918,0,1,results/arch2025/corrected_full188_20260902/traces/at_at6abc_i1_rand_input.csv,results/arch2025/corrected_full188_20260902/traces/at_at6abc_i1_rand_state.csv,,
at_at6abc_i1_a3c,AT,AT6abc,1,A3C,20250823,VALIDATED,1,8.63390145833333,0.498902260634067,SATISFIED,1247.17628797515,SATISFIED,1,1,1,all input checks passed,1,1,1,4.24433196751625,0,1,results/arch2025/corrected_full188_20260902/traces/at_at6abc_i1_a3c_input.csv,results/arch2025/corrected_full188_20260902/traces/at_at6abc_i1_a3c_state.csv,,
at_at6abc_i1_acer,AT,AT6abc,1,ACER,20250824,VALIDATED,1,8.06213954166667,0.39479890819007,SATISFIED,316.427332278829,SATISFIED,1,1,1,all input checks passed,1,1,1,37.4326629114651,0,1,results/arch2025/corrected_full188_20260902/traces/at_at6abc_i1_acer_input.csv,results/arch2025/corrected_full188_20260902/traces/at_at6abc_i1_acer_state.csv,,
at_at6abc_i1_ddqn,AT,AT6abc,1,DDQN,20250825,VALIDATED,1,8.13177554166667,0.312105836658884,SATISFIED,780.459013048711,SATISFIED,1,1,1,all input checks passed,1,1,1,7.37230612856888,0,1,results/arch2025/corrected_full188_20260902/traces/at_at6abc_i1_ddqn_input.csv,results/arch2025/corrected_full188_20260902/traces/at_at6abc_i1_ddqn_state.csv,,
at_at6abc_i2_rand,AT,AT6abc,2,RAND,20250826,VALIDATED,1,7.94560666666667,0.643056124219587,SATISFIED,1607.64031054897,SATISFIED,1,1,1,all input checks passed,1,1,1,17.1987396739335,0,1,results/arch2025/corrected_full188_20260902/traces/at_at6abc_i2_rand_input.csv,results/arch2025/corrected_full188_20260902/traces/at_at6abc_i2_rand_state.csv,,
at_at6abc_i2_a3c,AT,AT6abc,2,A3C,20250827,VALIDATED,1,8.476171625,0.648621185152984,SATISFIED,1620.11911425167,SATISFIED,1,1,1,all input checks passed,1,1,1,10.5977678867416,0,1,results/arch2025/corrected_full188_20260902/traces/at_at6abc_i2_a3c_input.csv,results/arch2025/corrected_full188_20260902/traces/at_at6abc_i2_a3c_state.csv,,
at_at6abc_i2_acer,AT,AT6abc,2,ACER,20250828,VALIDATED,1,7.92172070833333,0.372959493771107,SATISFIED,931.218312929981,SATISFIED,1,1,1,all input checks passed,1,1,1,20.3494332156997,0,1,results/arch2025/corrected_full188_20260902/traces/at_at6abc_i2_acer_input.csv,results/arch2025/corrected_full188_20260902/traces/at_at6abc_i2_acer_state.csv,,
at_at6abc_i2_ddqn,AT,AT6abc,2,DDQN,20250829,VALIDATED,1,7.93836504166667,0.266325738129559,SATISFIED,662.238291028435,SATISFIED,1,1,1,all input checks passed,1,1,1,20.4767304068446,0,1,results/arch2025/corrected_full188_20260902/traces/at_at6abc_i2_ddqn_input.csv,results/arch2025/corrected_full188_20260902/traces/at_at6abc_i2_ddqn_state.csv,,
at_at6b_i1_rand,AT,AT6b,1,RAND,20250806,VALIDATED,1,7.4792665,0.544835926064985,SATISFIED,1361.93588959936,SATISFIED,1,1,1,all input checks passed,1,1,1,2.9404105566025,0,1,results/arch2025/corrected_full188_20260902/traces/at_at6b_i1_rand_input.csv,results/arch2025/corrected_full188_20260902/traces/at_at6b_i1_rand_state.csv,,
at_at6b_i1_a3c,AT,AT6b,1,A3C,20250807,VALIDATED,1,7.86223816666667,0.0757520131902036,SATISFIED,189.619182658815,SATISFIED,1,1,1,all input checks passed,1,1,1,7.27672493018736,0,1,results/arch2025/corrected_full188_20260902/traces/at_at6b_i1_a3c_input.csv,results/arch2025/corrected_full188_20260902/traces/at_at6b_i1_a3c_state.csv,,
at_at6b_i1_acer,AT,AT6b,1,ACER,20250808,VALIDATED,1,7.38584741666667,0.640844983116423,SATISFIED,1602.21497147014,SATISFIED,1,1,1,all input checks passed,1,1,1,8.63681103656495,0,1,results/arch2025/corrected_full188_20260902/traces/at_at6b_i1_acer_input.csv,results/arch2025/corrected_full188_20260902/traces/at_at6b_i1_acer_state.csv,,
at_at6b_i1_ddqn,AT,AT6b,1,DDQN,20250809,VALIDATED,1,7.50139166666667,0.700573787638773,SATISFIED,1751.46185833929,SATISFIED,1,1,1,all input checks passed,1,1,1,0.097384242782482,0,1,results/arch2025/corrected_full188_20260902/traces/at_at6b_i1_ddqn_input.csv,results/arch2025/corrected_full188_20260902/traces/at_at6b_i1_ddqn_state.csv,,
at_at6b_i2_rand,AT,AT6b,2,RAND,20250810,VALIDATED,1,7.408513375,0.47892583061066,SATISFIED,1197.32416113286,SATISFIED,1,1,1,all input checks passed,1,1,1,11.5471098296321,0,1,results/arch2025/corrected_full188_20260902/traces/at_at6b_i2_rand_input.csv,results/arch2025/corrected_full188_20260902/traces/at_at6b_i2_rand_state.csv,,
at_at6b_i2_a3c,AT,AT6b,2,A3C,20250811,VALIDATED,1,7.81338425,0.672078946133221,SATISFIED,1678.80043837716,SATISFIED,1,1,1,all input checks passed,1,1,1,23.285742117303,0,1,results/arch2025/corrected_full188_20260902/traces/at_at6b_i2_a3c_input.csv,results/arch2025/corrected_full188_20260902/traces/at_at6b_i2_a3c_state.csv,,
at_at6b_i2_acer,AT,AT6b,2,ACER,20250812,VALIDATED,1,7.26996120833333,0.649591078595009,SATISFIED,1623.97769648752,SATISFIED,1,1,1,all input checks passed,1,1,1,22.9074460762931,0,1,results/arch2025/corrected_full188_20260902/traces/at_at6b_i2_acer_input.csv,results/arch2025/corrected_full188_20260902/traces/at_at6b_i2_acer_state.csv,,
at_at6b_i2_ddqn,AT,AT6b,2,DDQN,20250813,VALIDATED,1,7.36790154166667,0.127218204816971,SATISFIED,316.586455103107,SATISFIED,1,1,1,all input checks passed,1,1,1,10.6368822131458,0,1,results/arch2025/corrected_full188_20260902/traces/at_at6b_i2_ddqn_input.csv,results/arch2025/corrected_full188_20260902/traces/at_at6b_i2_ddqn_state.csv,,
at_at6c_i1_rand,AT,AT6c,1,RAND,20250814,VALIDATED,1,7.68869329166667,0.332148843107156,SATISFIED,128.628053200012,SATISFIED,1,1,1,all input checks passed,1,1,1,2.29882842908387,0,1,results/arch2025/corrected_full188_20260902/traces/at_at6c_i1_rand_input.csv,results/arch2025/corrected_full188_20260902/traces/at_at6c_i1_rand_state.csv,,
at_at6c_i1_a3c,AT,AT6c,1,A3C,20250815,VALIDATED,1,7.998306125,0.518087971667007,SATISFIED,1294.13699278039,SATISFIED,1,1,1,all input checks passed,1,1,1,3.46721612099407,0,1,results/arch2025/corrected_full188_20260902/traces/at_at6c_i1_a3c_input.csv,results/arch2025/corrected_full188_20260902/traces/at_at6c_i1_a3c_state.csv,,
at_at6c_i1_acer,AT,AT6c,1,ACER,20250816,VALIDATED,1,7.49757116666667,0.372975453171624,SATISFIED,931.902592523566,SATISFIED,1,1,1,all input checks passed,1,1,1,6.26304790251925,0,1,results/arch2025/corrected_full188_20260902/traces/at_at6c_i1_acer_input.csv,results/arch2025/corrected_full188_20260902/traces/at_at6c_i1_acer_state.csv,,
at_at6c_i1_ddqn,AT,AT6c,1,DDQN,20250817,VALIDATED,1,7.58903858333333,0.624139459023972,SATISFIED,49.9274629435963,SATISFIED,1,1,1,all input checks passed,1,1,1,2.57548210827315,0,1,results/arch2025/corrected_full188_20260902/traces/at_at6c_i1_ddqn_input.csv,results/arch2025/corrected_full188_20260902/traces/at_at6c_i1_ddqn_state.csv,,
at_at6c_i2_rand,AT,AT6c,2,RAND,20250818,VALIDATED,1,7.58073383333333,0.702215976757287,SATISFIED,1755.82044665215,SATISFIED,1,1,1,all input checks passed,1,1,1,15.4721989243039,0,1,results/arch2025/corrected_full188_20260902/traces/at_at6c_i2_rand_input.csv,results/arch2025/corrected_full188_20260902/traces/at_at6c_i2_rand_state.csv,,
at_at6c_i2_a3c,AT,AT6c,2,A3C,20250819,VALIDATED,1,8.586801,0.674543413139598,SATISFIED,1620.33931951297,SATISFIED,1,1,1,all input checks passed,1,1,1,13.9133531212401,0,1,results/arch2025/corrected_full188_20260902/traces/at_at6c_i2_a3c_input.csv,results/arch2025/corrected_full188_20260902/traces/at_at6c_i2_a3c_state.csv,,
at_at6c_i2_acer,AT,AT6c,2,ACER,20250820,VALIDATED,1,7.46043325,0.371975854642808,SATISFIED,928.481110438058,SATISFIED,1,1,1,all input checks passed,1,1,1,218.769474700842,0,1,results/arch2025/corrected_full188_20260902/traces/at_at6c_i2_acer_input.csv,results/arch2025/corrected_full188_20260902/traces/at_at6c_i2_acer_state.csv,,
at_at6c_i2_ddqn,AT,AT6c,2,DDQN,20250821,VALIDATED,1,7.44030483333333,0.707214595784335,SATISFIED,1768.45574933373,SATISFIED,1,1,1,all input checks passed,1,1,1,11.8257656221033,0,1,results/arch2025/corrected_full188_20260902/traces/at_at6c_i2_ddqn_input.csv,results/arch2025/corrected_full188_20260902/traces/at_at6c_i2_ddqn_state.csv,,
afc_afc27_i2_rand,AFC,AFC27,2,RAND,20250830,VALIDATED,1,6.893486125,0.0048985195333635,SATISFIED,0.00489604859354519,SATISFIED,1,1,1,all input checks passed,1,1,1,6.69669846054931,0,1,results/arch2025/corrected_full188_20260902/traces/afc_afc27_i2_rand_input.csv,results/arch2025/corrected_full188_20260902/traces/afc_afc27_i2_rand_state.csv,,
afc_afc27_i2_a3c,AFC,AFC27,2,A3C,20250831,VALIDATED,1,7.95356525,0.000229800122835126,SATISFIED,0.000226849787563703,SATISFIED,1,1,1,all input checks passed,1,1,1,14.0410376459852,0,1,results/arch2025/corrected_full188_20260902/traces/afc_afc27_i2_a3c_input.csv,results/arch2025/corrected_full188_20260902/traces/afc_afc27_i2_a3c_state.csv,,
afc_afc27_i2_acer,AFC,AFC27,2,ACER,20250832,VALIDATED,1,6.91482708333333,-0.0640375010006737,VIOLATED,-0.0629075350923776,VIOLATED,1,1,1,all input checks passed,1,1,1,14.2133717717875,0,1,results/arch2025/corrected_full188_20260902/traces/afc_afc27_i2_acer_input.csv,results/arch2025/corrected_full188_20260902/traces/afc_afc27_i2_acer_state.csv,,
afc_afc27_i2_ddqn,AFC,AFC27,2,DDQN,20250833,VALIDATED,1,6.76765775,0.362770472474228,SATISFIED,14.7284811824537,SATISFIED,1,1,1,all input checks passed,1,1,1,1,0,1,results/arch2025/corrected_full188_20260902/traces/afc_afc27_i2_ddqn_input.csv,results/arch2025/corrected_full188_20260902/traces/afc_afc27_i2_ddqn_state.csv,,
afc_afc29_i2_rand,AFC,AFC29,2,RAND,20250834,VALIDATED,1,6.778575,0.00499385094182091,SATISFIED,0.00499126197315813,SATISFIED,1,1,1,all input checks passed,1,1,1,53.9666366733912,0,1,results/arch2025/corrected_full188_20260902/traces/afc_afc29_i2_rand_input.csv,results/arch2025/corrected_full188_20260902/traces/afc_afc29_i2_rand_state.csv,,
afc_afc29_i2_a3c,AFC,AFC29,2,A3C,20250835,VALIDATED,1,7.5576755,-0.00156828709001711,VIOLATED,-0.00157748847281115,VIOLATED,1,1,1,all input checks passed,1,1,1,18.7419221095524,0,1,results/arch2025/corrected_full188_20260902/traces/afc_afc29_i2_a3c_input.csv,results/arch2025/corrected_full188_20260902/traces/afc_afc29_i2_a3c_state.csv,,
afc_afc29_i2_acer,AFC,AFC29,2,ACER,20250836,VALIDATED,1,6.75334558333333,-0.00160633087732954,VIOLATED,-0.00160856969358859,VIOLATED,1,1,1,all input checks passed,1,1,1,33.621079020691,0,1,results/arch2025/corrected_full188_20260902/traces/afc_afc29_i2_acer_input.csv,results/arch2025/corrected_full188_20260902/traces/afc_afc29_i2_acer_state.csv,,
afc_afc29_i2_ddqn,AFC,AFC29,2,DDQN,20250837,VALIDATED,1,6.70204545833333,-0.00156754717736197,VIOLATED,-0.00156742268335475,VIOLATED,1,1,1,all input checks passed,1,1,1,2.11411775472409,0,1,results/arch2025/corrected_full188_20260902/traces/afc_afc29_i2_ddqn_input.csv,results/arch2025/corrected_full188_20260902/traces/afc_afc29_i2_ddqn_state.csv,,
afc_afc33_i2_rand,AFC,AFC33,2,RAND,20250838,VALIDATED,1,6.67802533333333,0.00243785159871367,SATISFIED,0.0024352627795271,SATISFIED,1,1,1,all input checks passed,1,1,1,5.17949375142834,0,1,results/arch2025/corrected_full188_20260902/traces/afc_afc33_i2_rand_input.csv,results/arch2025/corrected_full188_20260902/traces/afc_afc33_i2_rand_state.csv,,
afc_afc33_i2_a3c,AFC,AFC33,2,A3C,20250839,VALIDATED,1,7.56043229166667,0.00244464365658158,SATISFIED,0.00244504746592133,SATISFIED,1,1,1,all input checks passed,1,1,1,3.27219232916832,0,1,results/arch2025/corrected_full188_20260902/traces/afc_afc33_i2_a3c_input.csv,results/arch2025/corrected_full188_20260902/traces/afc_afc33_i2_a3c_state.csv,,
afc_afc33_i2_acer,AFC,AFC33,2,ACER,20250840,VALIDATED,1,6.79012341666667,0.0024458235831718,SATISFIED,0.00244284366363689,SATISFIED,1,1,1,all input checks passed,1,1,1,4.68510180711746,0,1,results/arch2025/corrected_full188_20260902/traces/afc_afc33_i2_acer_input.csv,results/arch2025/corrected_full188_20260902/traces/afc_afc33_i2_acer_state.csv,,
afc_afc33_i2_ddqn,AFC,AFC33,2,DDQN,20250841,VALIDATED,1,6.74069720833333,0.00245076009466404,SATISFIED,0.00245135093781423,SATISFIED,1,1,1,all input checks passed,1,1,1,3.16022872924805,0,1,results/arch2025/corrected_full188_20260902/traces/afc_afc33_i2_ddqn_input.csv,results/arch2025/corrected_full188_20260902/traces/afc_afc33_i2_ddqn_state.csv,,
cc_cc1_i1_rand,CC,CC1,1,RAND,20250842,VALIDATED,1,7.85359075,0.357308715970303,SATISFIED,17.8679804574164,SATISFIED,1,1,1,all input checks passed,1,1,1,0.581720681741711,0,1,results/arch2025/corrected_full188_20260902/traces/cc_cc1_i1_rand_input.csv,results/arch2025/corrected_full188_20260902/traces/cc_cc1_i1_rand_state.csv,,
cc_cc1_i1_a3c,CC,CC1,1,A3C,20250843,VALIDATED,1,8.47296270833333,0.436544043596286,SATISFIED,21.8265112487481,SATISFIED,1,1,1,all input checks passed,1,1,1,0.499210566957078,0,1,results/arch2025/corrected_full188_20260902/traces/cc_cc1_i1_a3c_input.csv,results/arch2025/corrected_full188_20260902/traces/cc_cc1_i1_a3c_state.csv,,
cc_cc1_i1_acer,CC,CC1,1,ACER,20250844,VALIDATED,1,7.74627583333333,-0.198864191595521,VIOLATED,-9.97033852808468,VIOLATED,1,1,1,all input checks passed,1,1,1,1.2477583113817,0,1,results/arch2025/corrected_full188_20260902/traces/cc_cc1_i1_acer_input.csv,results/arch2025/corrected_full188_20260902/traces/cc_cc1_i1_acer_state.csv,,
cc_cc1_i1_ddqn,CC,CC1,1,DDQN,20250845,VALIDATED,1,7.679787125,0.423538277442383,SATISFIED,21.1774179944275,SATISFIED,1,1,1,all input checks passed,1,1,1,0.520120746816374,0,1,results/arch2025/corrected_full188_20260902/traces/cc_cc1_i1_ddqn_input.csv,results/arch2025/corrected_full188_20260902/traces/cc_cc1_i1_ddqn_state.csv,,
cc_cc1_i2_rand,CC,CC1,2,RAND,20250846,VALIDATED,1,7.47501733333333,0.423161924834964,SATISFIED,21.1429070679613,SATISFIED,1,1,1,all input checks passed,1,1,1,1.0714242203116,0,1,results/arch2025/corrected_full188_20260902/traces/cc_cc1_i2_rand_input.csv,results/arch2025/corrected_full188_20260902/traces/cc_cc1_i2_rand_state.csv,,
cc_cc1_i2_a3c,CC,CC1,2,A3C,20250847,VALIDATED,1,8.57154295833333,0.112529936228518,SATISFIED,5.5497574623506,SATISFIED,1,1,1,all input checks passed,1,1,1,2.67436333450789,0,1,results/arch2025/corrected_full188_20260902/traces/cc_cc1_i2_a3c_input.csv,results/arch2025/corrected_full188_20260902/traces/cc_cc1_i2_a3c_state.csv,,
cc_cc1_i2_acer,CC,CC1,2,ACER,20250848,VALIDATED,1,7.659352,0.143283575703375,SATISFIED,7.19767242615568,SATISFIED,1,1,1,all input checks passed,1,1,1,1.09410915160168,0,1,results/arch2025/corrected_full188_20260902/traces/cc_cc1_i2_acer_input.csv,results/arch2025/corrected_full188_20260902/traces/cc_cc1_i2_acer_state.csv,,
cc_cc1_i2_ddqn,CC,CC1,2,DDQN,20250849,VALIDATED,1,7.07069566666667,0.433918857529512,SATISFIED,21.734577932846,SATISFIED,1,1,1,all input checks passed,1,1,1,0.986039630339327,0,1,results/arch2025/corrected_full188_20260902/traces/cc_cc1_i2_ddqn_input.csv,results/arch2025/corrected_full188_20260902/traces/cc_cc1_i2_ddqn_state.csv,,
cc_cc2_i1_rand,CC,CC2,1,RAND,20250850,VALIDATED,1,7.85472129166667,0.00211793109086301,SATISFIED,0.105900459222731,SATISFIED,1,1,1,all input checks passed,1,1,1,0.478692632921629,0,1,results/arch2025/corrected_full188_20260902/traces/cc_cc2_i1_rand_input.csv,results/arch2025/corrected_full188_20260902/traces/cc_cc2_i1_rand_state.csv,,
cc_cc2_i1_a3c,CC,CC2,1,A3C,20250851,VALIDATED,1,8.82132795833333,0.00281189079738112,SATISFIED,0.140564320594905,SATISFIED,1,1,1,all input checks passed,1,1,1,0.417122980631273,0,1,results/arch2025/corrected_full188_20260902/traces/cc_cc2_i1_a3c_input.csv,results/arch2025/corrected_full188_20260902/traces/cc_cc2_i1_a3c_state.csv,,
cc_cc2_i1_acer,CC,CC2,1,ACER,20250852,VALIDATED,1,8.08993395833333,0.00198439887831682,SATISFIED,0.0992311046662593,SATISFIED,1,1,1,all input checks passed,1,1,1,0.499138072607963,0,1,results/arch2025/corrected_full188_20260902/traces/cc_cc2_i1_acer_input.csv,results/arch2025/corrected_full188_20260902/traces/cc_cc2_i1_acer_state.csv,,
cc_cc2_i1_ddqn,CC,CC2,1,DDQN,20250853,VALIDATED,1,7.802796375,0.00242116120863869,SATISFIED,0.121603305095402,SATISFIED,1,1,1,all input checks passed,1,1,1,0.500015403763229,0,1,results/arch2025/corrected_full188_20260902/traces/cc_cc2_i1_ddqn_input.csv,results/arch2025/corrected_full188_20260902/traces/cc_cc2_i1_ddqn_state.csv,,
cc_cc2_i2_rand,CC,CC2,2,RAND,20250854,VALIDATED,1,7.69787425,0.0026627391852125,SATISFIED,0.130805491502084,SATISFIED,1,1,1,all input checks passed,1,1,1,5.15836072844732,0,1,results/arch2025/corrected_full188_20260902/traces/cc_cc2_i2_rand_input.csv,results/arch2025/corrected_full188_20260902/traces/cc_cc2_i2_rand_state.csv,,
cc_cc2_i2_a3c,CC,CC2,2,A3C,20250855,VALIDATED,1,8.81444154166667,0.00201094997415353,SATISFIED,0.100473412019788,SATISFIED,1,1,1,all input checks passed,1,1,1,5.1162393943359,0,1,results/arch2025/corrected_full188_20260902/traces/cc_cc2_i2_a3c_input.csv,results/arch2025/corrected_full188_20260902/traces/cc_cc2_i2_a3c_state.csv,,
cc_cc2_i2_acer,CC,CC2,2,ACER,20250856,VALIDATED,1,7.69747670833333,0.00188763134364009,SATISFIED,0.094512341686162,SATISFIED,1,1,1,all input checks passed,1,1,1,3.13636733615545,0,1,results/arch2025/corrected_full188_20260902/traces/cc_cc2_i2_acer_input.csv,results/arch2025/corrected_full188_20260902/traces/cc_cc2_i2_acer_state.csv,,
cc_cc2_i2_ddqn,CC,CC2,2,DDQN,20250857,VALIDATED,1,7.85624041666667,0.00204970991367077,SATISFIED,0.102506338487132,SATISFIED,1,1,1,all input checks passed,1,1,1,2.20339923202437,0,1,results/arch2025/corrected_full188_20260902/traces/cc_cc2_i2_ddqn_input.csv,results/arch2025/corrected_full188_20260902/traces/cc_cc2_i2_ddqn_state.csv,,
cc_cc3_i1_rand,CC,CC3,1,RAND,20250858,VALIDATED,1,8.00492966666667,0.0804881732066048,SATISFIED,4.26933422733758,SATISFIED,1,1,1,all input checks passed,1,1,1,0.543382798493209,0,1,results/arch2025/corrected_full188_20260902/traces/cc_cc3_i1_rand_input.csv,results/arch2025/corrected_full188_20260902/traces/cc_cc3_i1_rand_state.csv,,
cc_cc3_i1_a3c,CC,CC3,1,A3C,20250859,VALIDATED,1,8.826450625,0.0991519809450541,SATISFIED,4.99999999992971,SATISFIED,1,1,1,all input checks passed,1,1,1,0.411672511494002,0,1,results/arch2025/corrected_full188_20260902/traces/cc_cc3_i1_a3c_input.csv,results/arch2025/corrected_full188_20260902/traces/cc_cc3_i1_a3c_state.csv,,
cc_cc3_i1_acer,CC,CC3,1,ACER,20250860,VALIDATED,1,8.02240358333333,0.0913810868061273,SATISFIED,4.99999999992437,SATISFIED,1,1,1,all input checks passed,1,1,1,0.497071699497775,0,1,results/arch2025/corrected_full188_20260902/traces/cc_cc3_i1_acer_input.csv,results/arch2025/corrected_full188_20260902/traces/cc_cc3_i1_acer_state.csv,,
cc_cc3_i1_ddqn,CC,CC3,1,DDQN,20250861,VALIDATED,1,7.34171195833333,0.0999625123635678,SATISFIED,4.99999999995447,SATISFIED,1,1,1,all input checks passed,1,1,1,0.494865196379504,0,1,results/arch2025/corrected_full188_20260902/traces/cc_cc3_i1_ddqn_input.csv,results/arch2025/corrected_full188_20260902/traces/cc_cc3_i1_ddqn_state.csv,,
cc_cc3_i2_rand,CC,CC3,2,RAND,20250862,VALIDATED,1,7.86818841666667,0.0589186608347957,SATISFIED,2.88147198234232,SATISFIED,1,1,1,all input checks passed,1,1,1,1.70340787598976,0,1,results/arch2025/corrected_full188_20260902/traces/cc_cc3_i2_rand_input.csv,results/arch2025/corrected_full188_20260902/traces/cc_cc3_i2_rand_state.csv,,
cc_cc3_i2_a3c,CC,CC3,2,A3C,20250863,VALIDATED,1,8.667934625,0.0904408365083947,SATISFIED,4.86871597885552,SATISFIED,1,1,1,all input checks passed,1,1,1,5.47257483644399,0,1,results/arch2025/corrected_full188_20260902/traces/cc_cc3_i2_a3c_input.csv,results/arch2025/corrected_full188_20260902/traces/cc_cc3_i2_a3c_state.csv,,
cc_cc3_i2_acer,CC,CC3,2,ACER,20250864,VALIDATED,1,7.8186975,0.0783525764173399,SATISFIED,4.21507300895869,SATISFIED,1,1,1,all input checks passed,1,1,1,5.17291910178955,0,1,results/arch2025/corrected_full188_20260902/traces/cc_cc3_i2_acer_input.csv,results/arch2025/corrected_full188_20260902/traces/cc_cc3_i2_acer_state.csv,,
cc_cc3_i2_ddqn,CC,CC3,2,DDQN,20250865,VALIDATED,1,7.931831125,0.0511748289303094,SATISFIED,2.2411746169335,SATISFIED,1,1,1,all input checks passed,1,1,1,6.63441282430106,0,1,results/arch2025/corrected_full188_20260902/traces/cc_cc3_i2_ddqn_input.csv,results/arch2025/corrected_full188_20260902/traces/cc_cc3_i2_ddqn_state.csv,,
cc_cc4_i1_rand,CC,CC4,1,RAND,20250866,VALIDATED,1,7.86005620833333,0.038381317231574,SATISFIED,1.91906634442415,SATISFIED,1,1,1,all input checks passed,1,1,1,0.517719739175137,0,1,results/arch2025/corrected_full188_20260902/traces/cc_cc4_i1_rand_input.csv,results/arch2025/corrected_full188_20260902/traces/cc_cc4_i1_rand_state.csv,,
cc_cc4_i1_a3c,CC,CC4,1,A3C,20250867,VALIDATED,1,8.78007458333333,0.0385306713933463,SATISFIED,1.92653133139279,SATISFIED,1,1,1,all input checks passed,1,1,1,0.403656573568835,0,1,results/arch2025/corrected_full188_20260902/traces/cc_cc4_i1_a3c_input.csv,results/arch2025/corrected_full188_20260902/traces/cc_cc4_i1_a3c_state.csv,,
cc_cc4_i1_acer,CC,CC4,1,ACER,20250868,VALIDATED,1,8.317903625,0.0384303938802785,SATISFIED,1.92152995006109,SATISFIED,1,1,1,all input checks passed,1,1,1,0.761623190243631,0,1,results/arch2025/corrected_full188_20260902/traces/cc_cc4_i1_acer_input.csv,results/arch2025/corrected_full188_20260902/traces/cc_cc4_i1_acer_state.csv,,
cc_cc4_i1_ddqn,CC,CC4,1,DDQN,20250869,VALIDATED,1,7.9317745,0.0379769439010894,SATISFIED,1.89883199381731,SATISFIED,1,1,1,all input checks passed,1,1,1,0.51574180001821,0,1,results/arch2025/corrected_full188_20260902/traces/cc_cc4_i1_ddqn_input.csv,results/arch2025/corrected_full188_20260902/traces/cc_cc4_i1_ddqn_state.csv,,
cc_cc4_i2_rand,CC,CC4,2,RAND,20250870,VALIDATED,1,7.90321454166667,0.0381799459272182,SATISFIED,1.90893977353336,SATISFIED,1,1,1,all input checks passed,1,1,1,2.23085652073675,0,1,results/arch2025/corrected_full188_20260902/traces/cc_cc4_i2_rand_input.csv,results/arch2025/corrected_full188_20260902/traces/cc_cc4_i2_rand_state.csv,,
cc_cc4_i2_a3c,CC,CC4,2,A3C,20250871,VALIDATED,1,8.778911375,0.0384558796040254,SATISFIED,1.92294300396364,SATISFIED,1,1,1,all input checks passed,1,1,1,3.75597792909551,0,1,results/arch2025/corrected_full188_20260902/traces/cc_cc4_i2_a3c_input.csv,results/arch2025/corrected_full188_20260902/traces/cc_cc4_i2_a3c_state.csv,,
cc_cc4_i2_acer,CC,CC4,2,ACER,20250872,VALIDATED,1,7.9452765,0.0377776692021521,SATISFIED,1.88966674780511,SATISFIED,1,1,1,all input checks passed,1,1,1,3.07580620300551,0,1,results/arch2025/corrected_full188_20260902/traces/cc_cc4_i2_acer_input.csv,results/arch2025/corrected_full188_20260902/traces/cc_cc4_i2_acer_state.csv,,
cc_cc4_i2_ddqn,CC,CC4,2,DDQN,20250873,VALIDATED,1,7.900031875,0.0374262833147816,SATISFIED,1.87140478726266,SATISFIED,1,1,1,all input checks passed,1,1,1,1.4269282823705,0,1,results/arch2025/corrected_full188_20260902/traces/cc_cc4_i2_ddqn_input.csv,results/arch2025/corrected_full188_20260902/traces/cc_cc4_i2_ddqn_state.csv,,
cc_cc5_i1_rand,CC,CC5,1,RAND,20250874,VALIDATED,1,7.99794016666667,0.0176691202855395,SATISFIED,0.883453346226007,SATISFIED,1,1,1,all input checks passed,1,1,1,0.514326073352102,0,1,results/arch2025/corrected_full188_20260902/traces/cc_cc5_i1_rand_input.csv,results/arch2025/corrected_full188_20260902/traces/cc_cc5_i1_rand_state.csv,,
cc_cc5_i1_a3c,CC,CC5,1,A3C,20250875,VALIDATED,1,9.02434929166667,0.0145233777342803,SATISFIED,0.725216612668394,SATISFIED,1,1,1,all input checks passed,1,1,1,0.518899780785141,0,1,results/arch2025/corrected_full188_20260902/traces/cc_cc5_i1_a3c_input.csv,results/arch2025/corrected_full188_20260902/traces/cc_cc5_i1_a3c_state.csv,,
cc_cc5_i1_acer,CC,CC5,1,ACER,20250876,VALIDATED,1,8.21605195833333,0.0165739044926444,SATISFIED,0.833132406169298,SATISFIED,1,1,1,all input checks passed,1,1,1,0.798353785639314,0,1,results/arch2025/corrected_full188_20260902/traces/cc_cc5_i1_acer_input.csv,results/arch2025/corrected_full188_20260902/traces/cc_cc5_i1_acer_state.csv,,
cc_cc5_i1_ddqn,CC,CC5,1,DDQN,20250877,VALIDATED,1,7.9904645,0.01313622139035,SATISFIED,0.658281590677456,SATISFIED,1,1,1,all input checks passed,1,1,1,0.391297807435489,0,1,results/arch2025/corrected_full188_20260902/traces/cc_cc5_i1_ddqn_input.csv,results/arch2025/corrected_full188_20260902/traces/cc_cc5_i1_ddqn_state.csv,,
cc_cc5_i2_rand,CC,CC5,2,RAND,20250878,VALIDATED,1,7.80579866666667,0.0050375320256299,SATISFIED,0.28625822901617,SATISFIED,1,1,1,all input checks passed,1,1,1,4.04676392984375,0,1,results/arch2025/corrected_full188_20260902/traces/cc_cc5_i2_rand_input.csv,results/arch2025/corrected_full188_20260902/traces/cc_cc5_i2_rand_state.csv,,
cc_cc5_i2_a3c,CC,CC5,2,A3C,20250879,VALIDATED,1,8.60604216666667,0.0110479961085233,SATISFIED,0.555035389026482,SATISFIED,1,1,1,all input checks passed,1,1,1,5.45787888456707,0,1,results/arch2025/corrected_full188_20260902/traces/cc_cc5_i2_a3c_input.csv,results/arch2025/corrected_full188_20260902/traces/cc_cc5_i2_a3c_state.csv,,
cc_cc5_i2_acer,CC,CC5,2,ACER,20250880,VALIDATED,1,7.736928875,-0.0203126725224784,VIOLATED,-1.01666174633873,VIOLATED,1,1,1,all input checks passed,1,1,1,0.440832315644167,0,1,results/arch2025/corrected_full188_20260902/traces/cc_cc5_i2_acer_input.csv,results/arch2025/corrected_full188_20260902/traces/cc_cc5_i2_acer_state.csv,,
cc_cc5_i2_ddqn,CC,CC5,2,DDQN,20250881,VALIDATED,1,7.39955508333333,-0.0225607478575058,VIOLATED,-1.11498279572912,VIOLATED,1,1,1,all input checks passed,1,1,1,2.87310763317339,0,1,results/arch2025/corrected_full188_20260902/traces/cc_cc5_i2_ddqn_input.csv,results/arch2025/corrected_full188_20260902/traces/cc_cc5_i2_ddqn_state.csv,,
cc_ccx_i1_rand,CC,CCx,1,RAND,20250882,VALIDATED,1,8.436617875,0.0379995272036534,SATISFIED,1.90263621477755,SATISFIED,1,1,1,all input checks passed,1,1,1,0.357260639804654,0,1,results/arch2025/corrected_full188_20260902/traces/cc_ccx_i1_rand_input.csv,results/arch2025/corrected_full188_20260902/traces/cc_ccx_i1_rand_state.csv,,
cc_ccx_i1_a3c,CC,CCx,1,A3C,20250883,VALIDATED,1,9.73334366666667,0.0388354933247254,SATISFIED,1.94618567190516,SATISFIED,1,1,1,all input checks passed,1,1,1,0.504316897490117,0,1,results/arch2025/corrected_full188_20260902/traces/cc_ccx_i1_a3c_input.csv,results/arch2025/corrected_full188_20260902/traces/cc_ccx_i1_a3c_state.csv,,
cc_ccx_i1_acer,CC,CCx,1,ACER,20250884,VALIDATED,1,8.594687875,0.0390670742324377,SATISFIED,1.95339458146966,SATISFIED,1,1,1,all input checks passed,1,1,1,0.502108596175946,0,1,results/arch2025/corrected_full188_20260902/traces/cc_ccx_i1_acer_input.csv,results/arch2025/corrected_full188_20260902/traces/cc_ccx_i1_acer_state.csv,,
cc_ccx_i1_ddqn,CC,CCx,1,DDQN,20250885,VALIDATED,1,8.55383579166667,0.0357164450401714,SATISFIED,1.78503196132547,SATISFIED,1,1,1,all input checks passed,1,1,1,0.499664317167959,0,1,results/arch2025/corrected_full188_20260902/traces/cc_ccx_i1_ddqn_input.csv,results/arch2025/corrected_full188_20260902/traces/cc_ccx_i1_ddqn_state.csv,,
cc_ccx_i2_rand,CC,CCx,2,RAND,20250886,VALIDATED,1,8.33315391666667,0.0365656429299349,SATISFIED,1.84203323267339,SATISFIED,1,1,1,all input checks passed,1,1,1,4.33131850588511,0,1,results/arch2025/corrected_full188_20260902/traces/cc_ccx_i2_rand_input.csv,results/arch2025/corrected_full188_20260902/traces/cc_ccx_i2_rand_state.csv,,
cc_ccx_i2_a3c,CC,CCx,2,A3C,20250887,VALIDATED,1,8.925070375,0.0425898512457374,SATISFIED,2.25006745238866,SATISFIED,1,1,1,all input checks passed,1,1,1,5.21040439875357,0,1,results/arch2025/corrected_full188_20260902/traces/cc_ccx_i2_a3c_input.csv,results/arch2025/corrected_full188_20260902/traces/cc_ccx_i2_a3c_state.csv,,
cc_ccx_i2_acer,CC,CCx,2,ACER,20250888,VALIDATED,1,8.54572808333333,0.0065195916402925,SATISFIED,0.266464095674529,SATISFIED,1,1,1,all input checks passed,1,1,1,5.25258063070499,0,1,results/arch2025/corrected_full188_20260902/traces/cc_ccx_i2_acer_input.csv,results/arch2025/corrected_full188_20260902/traces/cc_ccx_i2_acer_state.csv,,
cc_ccx_i2_ddqn,CC,CCx,2,DDQN,20250889,VALIDATED,1,8.56633383333333,0.0448748554870464,SATISFIED,2.24208565449232,SATISFIED,1,1,1,all input checks passed,1,1,1,7.28567918915908,0,1,results/arch2025/corrected_full188_20260902/traces/cc_ccx_i2_ddqn_input.csv,results/arch2025/corrected_full188_20260902/traces/cc_ccx_i2_ddqn_state.csv,,
nn_nn_i1_rand,NN,NN,1,RAND,20250890,VALIDATED,1,30.6476869166667,0.0129920767767464,SATISFIED,0.0212449628447636,SATISFIED,1,1,1,all input checks passed,1,1,1,0.0300558007373237,0,1,results/arch2025/corrected_full188_20260902/traces/nn_nn_i1_rand_input.csv,results/arch2025/corrected_full188_20260902/traces/nn_nn_i1_rand_state.csv,,
nn_nn_i1_a3c,NN,NN,1,A3C,20250891,VALIDATED,1,30.8980900416667,0.0091998355493182,SATISFIED,0.0134501764145054,SATISFIED,1,1,1,all input checks passed,1,1,1,0.0420282797462195,0,1,results/arch2025/corrected_full188_20260902/traces/nn_nn_i1_a3c_input.csv,results/arch2025/corrected_full188_20260902/traces/nn_nn_i1_a3c_state.csv,,
nn_nn_i1_acer,NN,NN,1,ACER,20250892,VALIDATED,1,29.3312535,0.00719521991128015,SATISFIED,0.0126652291635231,SATISFIED,1,1,1,all input checks passed,1,1,1,0.0328022949285305,0,1,results/arch2025/corrected_full188_20260902/traces/nn_nn_i1_acer_input.csv,results/arch2025/corrected_full188_20260902/traces/nn_nn_i1_acer_state.csv,,
nn_nn_i1_ddqn,NN,NN,1,DDQN,20250893,VALIDATED,1,29.6359578333333,0.00548142936200663,SATISFIED,0.00984759263521087,SATISFIED,1,1,1,all input checks passed,1,1,1,0.035407773216416,0,1,results/arch2025/corrected_full188_20260902/traces/nn_nn_i1_ddqn_input.csv,results/arch2025/corrected_full188_20260902/traces/nn_nn_i1_ddqn_state.csv,,
nn_nn_i2_rand,NN,NN,2,RAND,20250894,VALIDATED,1,29.4512395,0.0135799754582925,SATISFIED,0.020787058373825,SATISFIED,1,1,1,all input checks passed,1,1,1,1.51013945233739,0,1,results/arch2025/corrected_full188_20260902/traces/nn_nn_i2_rand_input.csv,results/arch2025/corrected_full188_20260902/traces/nn_nn_i2_rand_state.csv,,
nn_nn_i2_a3c,NN,NN,2,A3C,20250895,VALIDATED,1,30.7907614166667,0.0196667927197391,SATISFIED,0.0339225852100033,SATISFIED,1,1,1,all input checks passed,1,1,1,0.494223982095718,0,1,results/arch2025/corrected_full188_20260902/traces/nn_nn_i2_a3c_input.csv,results/arch2025/corrected_full188_20260902/traces/nn_nn_i2_a3c_state.csv,,
nn_nn_i2_acer,NN,NN,2,ACER,20250896,VALIDATED,1,29.1105335,0.00658101065806012,SATISFIED,0.0136544681233671,SATISFIED,1,1,1,all input checks passed,1,1,1,0.43654453754425,0,1,results/arch2025/corrected_full188_20260902/traces/nn_nn_i2_acer_input.csv,results/arch2025/corrected_full188_20260902/traces/nn_nn_i2_acer_state.csv,,
nn_nn_i2_ddqn,NN,NN,2,DDQN,20250897,VALIDATED,1,28.605282375,0.00269103225545916,SATISFIED,0.00478596327408628,SATISFIED,1,1,1,all input checks passed,1,1,1,0.137631136958179,0,1,results/arch2025/corrected_full188_20260902/traces/nn_nn_i2_ddqn_input.csv,results/arch2025/corrected_full188_20260902/traces/nn_nn_i2_ddqn_state.csv,,
nn_nnx_i1_rand,NN,NNx,1,RAND,20250898,VALIDATED,1,8.60436629166667,0.0159154114119843,SATISFIED,0.0397885285299608,SATISFIED,1,1,1,all input checks passed,1,1,1,0.0171742707946367,0,1,results/arch2025/corrected_full188_20260902/traces/nn_nnx_i1_rand_input.csv,results/arch2025/corrected_full188_20260902/traces/nn_nnx_i1_rand_state.csv,,
nn_nnx_i1_a3c,NN,NNx,1,A3C,20250899,VALIDATED,1,9.72688908333333,0.0159154114119843,SATISFIED,0.0397885285299608,SATISFIED,1,1,1,all input checks passed,1,1,1,0.0177274251452892,0,1,results/arch2025/corrected_full188_20260902/traces/nn_nnx_i1_a3c_input.csv,results/arch2025/corrected_full188_20260902/traces/nn_nnx_i1_a3c_state.csv,,
nn_nnx_i1_acer,NN,NNx,1,ACER,20250900,VALIDATED,1,8.64442066666667,0.0159154114119843,SATISFIED,0.0397885285299608,SATISFIED,1,1,1,all input checks passed,1,1,1,0.0174655442695122,0,1,results/arch2025/corrected_full188_20260902/traces/nn_nnx_i1_acer_input.csv,results/arch2025/corrected_full188_20260902/traces/nn_nnx_i1_acer_state.csv,,
nn_nnx_i1_ddqn,NN,NNx,1,DDQN,20250901,VALIDATED,1,8.68251695833333,0.0498345168684477,SATISFIED,0.124586292171119,SATISFIED,1,1,1,all input checks passed,1,1,1,0.0186684736649598,0,1,results/arch2025/corrected_full188_20260902/traces/nn_nnx_i1_ddqn_input.csv,results/arch2025/corrected_full188_20260902/traces/nn_nnx_i1_ddqn_state.csv,,
nn_nnx_i2_rand,NN,NNx,2,RAND,20250902,VALIDATED,1,8.46590533333333,0.0159154114119848,SATISFIED,0.0397885285299608,SATISFIED,1,1,1,all input checks passed,1,1,1,0.0517313486939208,0,1,results/arch2025/corrected_full188_20260902/traces/nn_nnx_i2_rand_input.csv,results/arch2025/corrected_full188_20260902/traces/nn_nnx_i2_rand_state.csv,,
nn_nnx_i2_a3c,NN,NNx,2,A3C,20250903,VALIDATED,1,9.251353875,0.0159154114119848,SATISFIED,0.0397885285299608,SATISFIED,1,1,1,all input checks passed,1,1,1,0.0316528928566147,0,1,results/arch2025/corrected_full188_20260902/traces/nn_nnx_i2_a3c_input.csv,results/arch2025/corrected_full188_20260902/traces/nn_nnx_i2_a3c_state.csv,,
nn_nnx_i2_acer,NN,NNx,2,ACER,20250904,VALIDATED,1,8.508456,0.0498345168684484,SATISFIED,0.124586292171119,SATISFIED,1,1,1,all input checks passed,1,1,1,0.0373325665221862,0,1,results/arch2025/corrected_full188_20260902/traces/nn_nnx_i2_acer_input.csv,results/arch2025/corrected_full188_20260902/traces/nn_nnx_i2_acer_state.csv,,
nn_nnx_i2_ddqn,NN,NNx,2,DDQN,20250905,VALIDATED,1,8.416763375,0.0159154114119848,SATISFIED,0.0397885285299608,SATISFIED,1,1,1,all input checks passed,1,1,1,0.0281307518482208,0,1,results/arch2025/corrected_full188_20260902/traces/nn_nnx_i2_ddqn_input.csv,results/arch2025/corrected_full188_20260902/traces/nn_nnx_i2_ddqn_state.csv,,
f16_f16a_i1_rand,F16,F16a,1,RAND,20250906,VALIDATED,1,6.56361058333333,0.0313074273068719,SATISFIED,156.53713653436,SATISFIED,1,1,1,all input checks passed,1,1,1,4.54747350886464e-13,1,1,results/arch2025/corrected_full188_20260902/traces/f16_f16a_i1_rand_input.csv,results/arch2025/corrected_full188_20260902/traces/f16_f16a_i1_rand_state.csv,,
f16_f16a_i1_a3c,F16,F16a,1,A3C,20250907,VALIDATED,1,2.05634516666667,0.116556113638636,SATISFIED,582.78056819318,SATISFIED,1,1,1,all input checks passed,1,1,1,4.54747350886464e-13,1,1,results/arch2025/corrected_full188_20260902/traces/f16_f16a_i1_a3c_input.csv,results/arch2025/corrected_full188_20260902/traces/f16_f16a_i1_a3c_state.csv,,
f16_f16a_i1_acer,F16,F16a,1,ACER,20250908,VALIDATED,1,1.61701083333333,0.104273896564045,SATISFIED,521.369482820223,SATISFIED,1,1,1,all input checks passed,1,1,1,4.54747350886464e-13,1,1,results/arch2025/corrected_full188_20260902/traces/f16_f16a_i1_acer_input.csv,results/arch2025/corrected_full188_20260902/traces/f16_f16a_i1_acer_state.csv,,
f16_f16a_i1_ddqn,F16,F16a,1,DDQN,20250909,VALIDATED,1,1.60661920833333,0.0782059084962828,SATISFIED,391.029542481414,SATISFIED,1,1,1,all input checks passed,1,1,1,4.54747350886464e-13,1,1,results/arch2025/corrected_full188_20260902/traces/f16_f16a_i1_ddqn_input.csv,results/arch2025/corrected_full188_20260902/traces/f16_f16a_i1_ddqn_state.csv,,
sc_sca_i1_rand,SC,SCa,1,RAND,20250910,VALIDATED,1,5.63667604166667,0.0020227279512629,SATISFIED,0.202272795111327,SATISFIED,1,1,1,all input checks passed,1,1,1,7.71802461940752e-08,1,1,results/arch2025/corrected_full188_20260902/traces/sc_sca_i1_rand_input.csv,results/arch2025/corrected_full188_20260902/traces/sc_sca_i1_rand_state.csv,,
sc_sca_i1_a3c,SC,SCa,1,A3C,20250911,VALIDATED,1,5.80560075,0.00162988714184509,SATISFIED,0.162988714253189,SATISFIED,1,1,1,all input checks passed,1,1,1,4.7920247965294e-06,0,1,results/arch2025/corrected_full188_20260902/traces/sc_sca_i1_a3c_input.csv,results/arch2025/corrected_full188_20260902/traces/sc_sca_i1_a3c_state.csv,,
sc_sca_i1_acer,SC,SCa,1,ACER,20250912,VALIDATED,1,5.632815125,0.00224657356516317,SATISFIED,0.22465736358248,SATISFIED,1,1,1,all input checks passed,1,1,1,2.09556654340304e-06,0,1,results/arch2025/corrected_full188_20260902/traces/sc_sca_i1_acer_input.csv,results/arch2025/corrected_full188_20260902/traces/sc_sca_i1_acer_state.csv,,
sc_sca_i1_ddqn,SC,SCa,1,DDQN,20250913,VALIDATED,1,5.47370333333333,0.00184638011142796,SATISFIED,0.184638012488108,SATISFIED,1,1,1,all input checks passed,1,1,1,7.1597553983338e-06,0,1,results/arch2025/corrected_full188_20260902/traces/sc_sca_i1_ddqn_input.csv,results/arch2025/corrected_full188_20260902/traces/sc_sca_i1_ddqn_state.csv,,
sc_sca_i2_rand,SC,SCa,2,RAND,20250914,VALIDATED,1,5.38298654166667,0.00126924451664209,SATISFIED,0.122993269725285,SATISFIED,1,1,1,all input checks passed,1,1,1,0.00355717408091039,0,1,results/arch2025/corrected_full188_20260902/traces/sc_sca_i2_rand_input.csv,results/arch2025/corrected_full188_20260902/traces/sc_sca_i2_rand_state.csv,,
sc_sca_i2_a3c,SC,SCa,2,A3C,20250915,VALIDATED,1,5.9969775,0.000964929605079462,SATISFIED,0.0962756960919791,SATISFIED,1,1,1,all input checks passed,1,1,1,0.00327571001044191,0,1,results/arch2025/corrected_full188_20260902/traces/sc_sca_i2_a3c_input.csv,results/arch2025/corrected_full188_20260902/traces/sc_sca_i2_a3c_state.csv,,
sc_sca_i2_acer,SC,SCa,2,ACER,20250916,VALIDATED,1,5.64193254166667,0.00166231077574666,SATISFIED,0.166544562798009,SATISFIED,1,1,1,all input checks passed,1,1,1,0.00322780884154383,0,1,results/arch2025/corrected_full188_20260902/traces/sc_sca_i2_acer_input.csv,results/arch2025/corrected_full188_20260902/traces/sc_sca_i2_acer_state.csv,,
sc_sca_i2_ddqn,SC,SCa,2,DDQN,20250917,VALIDATED,1,5.75479279166667,0.0022263885298564,SATISFIED,0.222539732995159,SATISFIED,1,1,1,all input checks passed,1,1,1,0.00353233447965806,0,1,results/arch2025/corrected_full188_20260902/traces/sc_sca_i2_ddqn_input.csv,results/arch2025/corrected_full188_20260902/traces/sc_sca_i2_ddqn_state.csv,,
